{"cameraMode":{"drawMode":0,"name":"Shaded","section":"Shading Mode"},"sceneLighting":true,"audioPlay":false,"sceneViewState":{"m_AlwaysRefresh":false,"showFog":true,"showSkybox":true,"showFlares":true,"showImageEffects":true,"showParticleSystems":true,"showVisualEffectGraphs":true,"m_FxEnabled":true},"in2DMode":false,"pivot":{"x":27.790740966796876,"y":4.248816967010498,"z":14.45710563659668},"rotation":{"x":-0.0012116811703890563,"y":0.745259165763855,"z":-0.0013448616955429316,"w":-0.6667894721031189},"size":1.920236349105835,"orthographic":false}