{"cameraMode":{"drawMode":0,"name":"Shaded","section":"Shading Mode"},"sceneLighting":true,"audioPlay":false,"sceneViewState":{"showFog":true,"showMaterialUpdate":false,"showSkybox":true,"showFlares":true,"showImageEffects":true,"showParticleSystems":true},"in2DMode":false,"pivot":{"x":33.589324951171878,"y":-5.579659461975098,"z":42.937007904052737},"rotation":{"x":0.21663618087768556,"y":0.5329866409301758,"z":-0.14340201020240785,"w":0.8052687048912048},"size":37.98693084716797,"orthographic":false}