{"cameraMode":{"drawMode":0,"name":"Shaded","section":"Shading Mode"},"sceneLighting":true,"audioPlay":false,"sceneViewState":{"showFog":true,"showMaterialUpdate":false,"showSkybox":true,"showFlares":true,"showImageEffects":true,"showParticleSystems":true},"in2DMode":false,"pivot":{"x":9.051433563232422,"y":-11.640975952148438,"z":55.04497146606445},"rotation":{"x":-0.5490567684173584,"y":0.2527403235435486,"z":-0.1783086657524109,"w":-0.776603639125824},"size":284.60833740234377,"orthographic":false}